customer_id,city,segment,age,gender,join_date
C0001,Pune,Regular,23,F,2023-12-19
C0002,Chennai,Regular,23,M,2023-11-28
C0003,Hyderabad,Premium,20,M,2023-11-01
C0004,Pune,Regular,24,F,2023-12-16
C0005,Bangalore,Regular,25,M,2023-08-01
C0006,Ahmedabad,Regular,59,M,2023-06-08
C0007,Hyderabad,VIP,32,M,2023-01-24
C0008,Hyderabad,Premium,64,F,2023-10-20
C0009,Pune,Regular,46,F,2023-01-04
C0010,Mumbai,Regular,50,M,2023-08-08
C0011,Bangalore,Regular,47,F,2023-12-30
C0012,Pune,VIP,56,M,2023-01-20
C0013,Bangalore,Regular,44,F,2023-06-01
C0014,Bangalore,Regular,53,M,2023-02-19
C0015,Ahmedabad,Premium,46,M,2023-06-26
C0016,Hyderabad,Premium,55,F,2023-04-06
C0017,Chennai,Premium,50,M,2023-04-15
C0018,Ahmedabad,Premium,54,F,2023-09-07
C0019,Ahmedabad,Regular,44,F,2023-04-27
C0020,Bangalore,Regular,50,M,2023-12-20
C0021,Kolkata,Premium,21,M,2023-08-16
C0022,Hyderabad,Premium,39,F,2023-03-07
C0023,Mumbai,Premium,19,M,2023-12-01
C0024,Ahmedabad,VIP,27,M,2023-09-19
C0025,Chennai,Regular,22,M,2023-10-22
C0026,Kolkata,Regular,27,M,2023-08-31
C0027,Kolkata,Premium,50,M,2023-07-05
C0028,Mumbai,Regular,55,F,2023-09-03
C0029,Ahmedabad,Premium,30,F,2023-05-05
C0030,Chennai,Premium,48,M,2023-09-25
C0031,Hyderabad,Premium,64,M,2023-05-11
C0032,Delhi,Regular,53,M,2023-08-25
C0033,Chennai,Regular,62,F,2023-01-18
C0034,Mumbai,Regular,41,M,2023-02-09
C0035,Kolkata,Regular,32,F,2023-01-21
C0036,Hyderabad,Regular,46,F,2023-08-13
C0037,Chennai,Regular,25,F,2023-12-21
C0038,Delhi,Regular,22,M,2023-10-09
C0039,Delhi,Regular,46,F,2023-01-08
C0040,Bangalore,Regular,64,M,2023-04-10
C0041,Bangalore,Regular,21,F,2023-08-28
C0042,Pune,Regular,29,M,2023-03-28
C0043,Mumbai,Premium,62,F,2023-10-25
C0044,Ahmedabad,Regular,19,M,2023-01-14
C0045,Chennai,Regular,44,F,2023-11-30
C0046,Chennai,Regular,48,M,2023-01-02
C0047,Ahmedabad,Premium,53,M,2023-10-20
C0048,Pune,Regular,53,M,2023-11-21
C0049,Kolkata,Regular,43,M,2023-02-10
C0050,Kolkata,Regular,60,F,2023-11-14
C0051,Pune,Regular,44,F,2023-11-12
C0052,Kolkata,Regular,22,M,2023-04-21
C0053,Bangalore,Regular,37,F,2023-01-14
C0054,Chennai,Regular,28,M,2023-08-19
C0055,Pune,Premium,27,M,2023-03-25
C0056,Chennai,VIP,57,F,2023-05-10
C0057,Ahmedabad,Regular,55,M,2023-08-19
C0058,Delhi,Regular,23,M,2023-11-22
C0059,Bangalore,Premium,25,F,2023-05-25
C0060,Hyderabad,Regular,40,M,2023-12-11
C0061,Bangalore,Regular,64,M,2023-01-28
C0062,Pune,Regular,43,M,2023-03-07
C0063,Hyderabad,Regular,63,M,2023-06-12
C0064,Delhi,VIP,60,F,2023-08-17
C0065,Pune,Premium,29,F,2023-09-18
C0066,Mumbai,Premium,43,F,2023-06-13
C0067,Chennai,Regular,30,M,2023-10-28
C0068,Delhi,Regular,57,M,2023-10-30
C0069,Chennai,Regular,35,F,2023-10-14
C0070,Kolkata,Regular,42,M,2023-01-10
C0071,Mumbai,Regular,50,M,2023-07-14
C0072,Mumbai,Premium,64,M,2023-04-28
C0073,Delhi,Premium,57,M,2023-09-27
C0074,Mumbai,Regular,60,F,2023-03-21
C0075,Hyderabad,VIP,29,F,2023-04-03
C0076,Mumbai,Premium,61,F,2023-09-23
C0077,Chennai,Regular,53,M,2023-11-28
C0078,Chennai,Regular,21,F,2023-12-16
C0079,Pune,Regular,22,F,2023-12-27
C0080,Chennai,Regular,54,M,2023-09-14
C0081,Pune,Regular,25,M,2023-05-13
C0082,Chennai,Premium,59,F,2023-10-03
C0083,Hyderabad,Regular,45,F,2023-09-21
C0084,Ahmedabad,Regular,48,F,2023-06-20
C0085,Pune,Regular,26,F,2023-01-01
C0086,Bangalore,Regular,46,M,2023-11-09
C0087,Kolkata,Premium,31,F,2023-03-05
C0088,Delhi,Premium,57,F,2023-10-11
C0089,Chennai,Regular,58,M,2023-05-01
C0090,Mumbai,Regular,39,F,2023-04-17
C0091,Ahmedabad,Regular,28,M,2023-06-24
C0092,Chennai,Regular,40,M,2023-07-23
C0093,Mumbai,Regular,18,M,2023-06-14
C0094,Kolkata,Regular,63,F,2023-11-01
C0095,Kolkata,Regular,54,F,2023-04-30
C0096,Kolkata,Regular,38,M,2023-02-13
C0097,Mumbai,Regular,43,F,2023-11-08
C0098,Chennai,Regular,63,F,2023-06-05
C0099,Kolkata,Regular,53,M,2023-07-26
C0100,Hyderabad,Regular,40,M,2023-04-18
C0101,Pune,Regular,18,F,2023-09-08
C0102,Mumbai,Premium,57,M,2023-11-30
C0103,Mumbai,Premium,32,F,2023-05-10
C0104,Chennai,Regular,38,F,2023-10-20
C0105,Mumbai,Regular,64,F,2023-01-20
C0106,Mumbai,Regular,26,F,2023-10-09
C0107,Kolkata,Regular,26,M,2023-10-12
C0108,Chennai,Regular,27,M,2023-01-01
C0109,Kolkata,VIP,43,M,2023-04-29
C0110,Pune,Regular,58,M,2023-02-04
C0111,Ahmedabad,Regular,52,F,2023-07-17
C0112,Pune,Regular,42,F,2023-09-02
C0113,Ahmedabad,Regular,43,M,2023-02-28
C0114,Kolkata,Regular,28,F,2023-11-21
C0115,Pune,VIP,55,F,2023-06-10
C0116,Chennai,Regular,19,F,2023-06-28
C0117,Delhi,VIP,24,M,2023-07-25
C0118,Kolkata,VIP,35,M,2023-01-12
C0119,Ahmedabad,Regular,44,M,2023-10-03
C0120,Hyderabad,Regular,51,F,2023-06-30
C0121,Ahmedabad,Regular,44,M,2023-08-30
C0122,Hyderabad,Regular,34,M,2023-08-04
C0123,Mumbai,Regular,60,M,2023-09-08
C0124,Pune,Premium,61,M,2023-10-26
C0125,Hyderabad,Regular,41,M,2023-05-06
C0126,Ahmedabad,Regular,42,M,2023-08-05
C0127,Mumbai,Premium,24,F,2023-11-02
C0128,Delhi,Regular,23,F,2023-10-12
C0129,Chennai,Premium,41,M,2023-07-04
C0130,Chennai,Regular,50,M,2023-02-08
C0131,Chennai,Regular,46,F,2023-08-11
C0132,Hyderabad,Premium,60,F,2023-07-03
C0133,Delhi,Regular,39,M,2023-06-27
C0134,Hyderabad,Premium,43,M,2023-10-21
C0135,Pune,Premium,45,M,2023-12-06
C0136,Hyderabad,Premium,38,M,2023-05-31
C0137,Delhi,Regular,24,F,2023-05-06
C0138,Delhi,Regular,34,M,2023-10-28
C0139,Pune,Premium,37,M,2023-11-04
C0140,Delhi,Premium,58,M,2023-12-02
C0141,Ahmedabad,VIP,37,M,2023-08-22
C0142,Delhi,Regular,39,F,2023-01-08
C0143,Chennai,Regular,45,F,2023-12-07
C0144,Ahmedabad,Premium,57,F,2023-05-09
C0145,Ahmedabad,Regular,24,M,2023-09-21
C0146,Pune,VIP,18,M,2023-06-06
C0147,Bangalore,Premium,49,F,2023-12-18
C0148,Bangalore,Regular,30,M,2023-12-24
C0149,Delhi,Premium,47,M,2023-01-05
C0150,Ahmedabad,Premium,40,F,2023-03-27
C0151,Bangalore,Regular,36,F,2023-06-24
C0152,Bangalore,VIP,49,F,2023-10-17
C0153,Delhi,Regular,47,F,2023-07-12
C0154,Bangalore,Premium,46,M,2023-11-07
C0155,Hyderabad,Regular,62,M,2023-04-29
C0156,Mumbai,Premium,46,F,2023-08-06
C0157,Pune,Regular,47,M,2023-04-24
C0158,Mumbai,Regular,33,F,2023-05-25
C0159,Delhi,VIP,57,F,2023-01-26
C0160,Chennai,Regular,36,M,2023-05-16
C0161,Pune,Regular,35,F,2023-10-30
C0162,Delhi,VIP,18,M,2023-08-20
C0163,Ahmedabad,VIP,31,M,2023-03-17
C0164,Chennai,Regular,64,M,2023-11-24
C0165,Mumbai,Regular,19,M,2023-12-11
C0166,Delhi,Regular,45,F,2023-10-29
C0167,Ahmedabad,Regular,47,M,2023-10-16
C0168,Pune,Regular,55,F,2023-01-01
C0169,Pune,Premium,21,F,2023-05-27
C0170,Kolkata,Premium,18,F,2023-10-14
C0171,Ahmedabad,Premium,25,F,2023-05-22
C0172,Hyderabad,Premium,46,M,2023-02-22
C0173,Bangalore,Regular,56,M,2023-10-31
C0174,Chennai,Regular,20,F,2023-03-10
C0175,Ahmedabad,Regular,49,F,2023-12-27
C0176,Kolkata,Regular,27,M,2023-03-31
C0177,Bangalore,Regular,27,F,2023-08-08
C0178,Bangalore,Premium,36,M,2023-07-11
C0179,Delhi,Regular,63,F,2023-03-04
C0180,Bangalore,Regular,51,M,2023-03-14
C0181,Hyderabad,Regular,50,F,2023-06-10
C0182,Pune,Premium,40,F,2023-06-18
C0183,Kolkata,Regular,45,M,2023-03-30
C0184,Bangalore,Regular,49,F,2023-06-25
C0185,Delhi,Regular,24,F,2023-09-26
C0186,Hyderabad,Premium,46,M,2023-03-14
C0187,Mumbai,Regular,25,F,2023-09-02
C0188,Pune,Premium,18,M,2023-03-18
C0189,Pune,Premium,20,M,2023-06-08
C0190,Kolkata,Regular,41,F,2023-11-20
C0191,Pune,Regular,40,F,2023-04-08
C0192,Bangalore,VIP,25,F,2023-04-12
C0193,Delhi,Regular,64,F,2023-05-12
C0194,Pune,Regular,54,F,2023-04-12
C0195,Pune,Premium,20,F,2023-01-19
C0196,Mumbai,VIP,50,F,2023-03-23
C0197,Mumbai,VIP,45,M,2023-10-06
C0198,Chennai,Premium,64,F,2023-12-05
C0199,Hyderabad,Regular,25,M,2023-12-31
C0200,Bangalore,Regular,51,F,2023-11-27
C0201,Pune,Premium,52,F,2023-05-09
C0202,Ahmedabad,Regular,49,M,2023-12-10
C0203,Pune,Regular,41,F,2023-11-06
C0204,Delhi,VIP,31,F,2023-03-30
C0205,Chennai,Regular,49,M,2023-08-01
C0206,Hyderabad,Regular,63,F,2023-05-23
C0207,Ahmedabad,Regular,60,F,2023-03-06
C0208,Chennai,Regular,33,F,2023-03-17
C0209,Kolkata,Regular,21,M,2023-07-18
C0210,Hyderabad,Regular,54,F,2023-05-23
C0211,Pune,Regular,38,F,2023-11-12
C0212,Pune,Regular,31,F,2023-04-03
C0213,Hyderabad,Premium,48,F,2023-11-01
C0214,Pune,Regular,35,M,2023-08-12
C0215,Bangalore,VIP,24,M,2023-10-18
C0216,Hyderabad,Regular,27,F,2023-04-12
C0217,Chennai,Regular,24,F,2023-09-24
C0218,Hyderabad,Premium,50,M,2023-12-21
C0219,Ahmedabad,Regular,40,M,2023-04-20
C0220,Pune,VIP,38,F,2023-11-26
C0221,Bangalore,Regular,36,M,2023-09-22
C0222,Bangalore,VIP,36,F,2023-01-03
C0223,Kolkata,Regular,53,M,2023-03-26
C0224,Chennai,Premium,46,M,2023-10-09
C0225,Mumbai,Regular,35,M,2023-11-24
C0226,Mumbai,VIP,19,M,2023-10-31
C0227,Hyderabad,Regular,18,F,2023-04-27
C0228,Kolkata,Regular,64,M,2023-08-09
C0229,Delhi,VIP,22,M,2023-06-03
C0230,Hyderabad,Regular,37,F,2023-06-02
C0231,Kolkata,Regular,28,M,2023-01-12
C0232,Chennai,Premium,59,M,2023-05-13
C0233,Chennai,Regular,19,F,2023-10-31
C0234,Chennai,Regular,20,M,2023-10-20
C0235,Chennai,Regular,40,F,2023-10-27
C0236,Chennai,VIP,29,F,2023-08-16
C0237,Kolkata,Regular,37,F,2023-09-28
C0238,Kolkata,Regular,22,F,2023-02-12
C0239,Bangalore,VIP,54,M,2023-12-09
C0240,Ahmedabad,Premium,55,F,2023-11-22
C0241,Mumbai,Regular,47,M,2023-10-29
C0242,Pune,Regular,26,M,2023-12-30
C0243,Chennai,Regular,51,M,2023-01-21
C0244,Delhi,Regular,61,M,2023-04-17
C0245,Pune,Regular,52,M,2023-12-02
C0246,Kolkata,Regular,39,M,2023-10-30
C0247,Delhi,Regular,61,M,2023-04-27
C0248,Delhi,Regular,41,M,2023-05-04
C0249,Delhi,VIP,34,M,2023-10-08
C0250,Bangalore,VIP,27,M,2023-10-19
C0251,Kolkata,Premium,47,F,2023-07-22
C0252,Delhi,Regular,63,F,2023-02-20
C0253,Chennai,Regular,40,F,2023-09-28
C0254,Hyderabad,Premium,49,M,2023-11-20
C0255,Delhi,Premium,34,F,2023-10-04
C0256,Bangalore,Regular,34,F,2023-05-21
C0257,Pune,VIP,31,F,2023-10-02
C0258,Kolkata,Premium,26,M,2023-10-17
C0259,Ahmedabad,VIP,57,M,2023-11-30
C0260,Bangalore,Premium,19,M,2023-02-21
C0261,Delhi,Regular,62,M,2023-01-27
C0262,Kolkata,Regular,42,F,2023-06-06
C0263,Hyderabad,VIP,56,F,2023-08-27
C0264,Delhi,Premium,26,F,2023-06-05
C0265,Bangalore,Regular,39,F,2023-10-18
C0266,Mumbai,Regular,60,M,2023-05-16
C0267,Chennai,Regular,63,M,2023-05-24
C0268,Ahmedabad,Premium,21,M,2023-04-16
C0269,Pune,VIP,43,F,2023-06-07
C0270,Bangalore,Regular,46,M,2023-05-26
C0271,Kolkata,Regular,62,M,2023-01-02
C0272,Ahmedabad,Regular,51,F,2023-03-18
C0273,Ahmedabad,VIP,40,F,2023-05-12
C0274,Ahmedabad,Premium,54,M,2023-03-31
C0275,Delhi,Premium,28,M,2023-12-11
C0276,Chennai,Regular,23,M,2023-12-16
C0277,Delhi,Regular,35,M,2023-09-20
C0278,Kolkata,Regular,38,M,2023-12-17
C0279,Delhi,Regular,59,M,2023-04-18
C0280,Mumbai,Premium,53,F,2023-03-15
C0281,Chennai,Premium,58,F,2023-02-08
C0282,Chennai,VIP,55,F,2023-06-08
C0283,Kolkata,VIP,51,M,2023-03-12
C0284,Pune,Regular,34,F,2023-11-08
C0285,Mumbai,Premium,54,M,2023-08-29
C0286,Bangalore,VIP,42,M,2023-10-25
C0287,Delhi,Premium,55,F,2023-02-05
C0288,Hyderabad,Regular,29,M,2023-03-25
C0289,Delhi,Regular,40,M,2023-09-20
C0290,Ahmedabad,Regular,59,F,2023-11-06
C0291,Delhi,VIP,39,F,2023-06-21
C0292,Bangalore,Regular,38,F,2023-06-22
C0293,Delhi,Regular,44,M,2023-12-28
C0294,Mumbai,Premium,48,F,2023-02-16
C0295,Mumbai,Regular,23,F,2023-05-21
C0296,Chennai,Regular,44,M,2023-04-28
C0297,Kolkata,Regular,57,F,2023-10-04
C0298,Pune,Premium,51,F,2023-08-02
C0299,Hyderabad,Regular,29,F,2023-08-08
C0300,Ahmedabad,Premium,62,M,2023-01-26
C0301,Delhi,Regular,24,M,2023-01-09
C0302,Delhi,Premium,27,M,2023-09-28
C0303,Bangalore,Regular,62,M,2023-01-10
C0304,Kolkata,Regular,34,F,2023-05-01
C0305,Mumbai,Premium,43,M,2023-05-05
C0306,Hyderabad,Regular,38,M,2023-06-19
C0307,Chennai,Regular,45,F,2023-03-13
C0308,Mumbai,Regular,63,F,2023-06-01
C0309,Ahmedabad,Premium,19,F,2023-07-27
C0310,Kolkata,Regular,60,M,2023-02-18
C0311,Ahmedabad,Premium,18,M,2023-06-03
C0312,Pune,Regular,53,M,2023-12-13
C0313,Chennai,Regular,43,F,2023-10-20
C0314,Pune,Regular,46,F,2023-03-09
C0315,Bangalore,Regular,38,M,2023-02-19
C0316,Ahmedabad,Regular,28,F,2023-06-01
C0317,Bangalore,Regular,57,F,2023-01-19
C0318,Delhi,Regular,28,F,2023-04-10
C0319,Pune,VIP,53,M,2023-03-01
C0320,Kolkata,Regular,56,F,2023-06-16
C0321,Ahmedabad,Regular,57,F,2023-07-21
C0322,Hyderabad,Premium,52,M,2023-12-11
C0323,Chennai,Regular,51,M,2023-05-26
C0324,Mumbai,Regular,64,F,2023-06-13
C0325,Kolkata,Premium,41,F,2023-08-30
C0326,Kolkata,VIP,39,M,2023-03-10
C0327,Bangalore,Regular,22,M,2023-06-24
C0328,Pune,VIP,50,F,2023-02-18
C0329,Ahmedabad,Regular,53,F,2023-04-18
C0330,Ahmedabad,Regular,64,F,2023-08-14
C0331,Delhi,Regular,37,F,2023-06-10
C0332,Delhi,VIP,36,M,2023-04-29
C0333,Chennai,Regular,52,F,2023-05-29
C0334,Bangalore,Regular,60,F,2023-05-30
C0335,Kolkata,Regular,34,M,2023-10-20
C0336,Ahmedabad,Regular,62,F,2023-05-23
C0337,Hyderabad,Regular,60,M,2023-06-09
C0338,Bangalore,Regular,51,F,2023-01-11
C0339,Chennai,Regular,26,F,2023-05-18
C0340,Chennai,Regular,43,M,2023-03-19
C0341,Bangalore,Regular,19,M,2023-03-18
C0342,Chennai,Regular,26,F,2023-09-11
C0343,Bangalore,Regular,26,F,2023-09-15
C0344,Mumbai,Regular,57,F,2023-11-16
C0345,Bangalore,Premium,34,M,2023-10-18
C0346,Pune,Regular,18,F,2023-09-20
C0347,Bangalore,Premium,42,M,2023-03-26
C0348,Chennai,Regular,60,M,2023-05-26
C0349,Ahmedabad,Regular,57,F,2023-11-19
C0350,Pune,Regular,59,M,2023-02-11
C0351,Chennai,Regular,42,F,2023-05-05
C0352,Delhi,Regular,56,F,2023-06-16
C0353,Delhi,Regular,52,F,2023-08-29
C0354,Ahmedabad,Regular,20,F,2023-10-07
C0355,Ahmedabad,Regular,54,F,2023-07-07
C0356,Pune,Regular,61,M,2023-10-29
C0357,Mumbai,Regular,61,M,2023-01-19
C0358,Ahmedabad,Regular,47,F,2023-03-09
C0359,Delhi,Regular,55,F,2023-08-06
C0360,Bangalore,Premium,51,M,2023-04-12
C0361,Chennai,Regular,29,M,2023-02-11
C0362,Delhi,Premium,36,M,2023-10-15
C0363,Delhi,Regular,54,M,2023-06-16
C0364,Mumbai,Regular,61,F,2023-04-19
C0365,Pune,Premium,34,F,2023-02-05
C0366,Pune,VIP,27,M,2023-08-20
C0367,Kolkata,Regular,64,F,2023-08-17
C0368,Mumbai,Regular,29,M,2023-12-19
C0369,Bangalore,Premium,33,F,2023-06-13
C0370,Pune,Premium,41,M,2023-03-14
C0371,Chennai,Regular,36,F,2023-05-16
C0372,Ahmedabad,Regular,25,M,2023-12-19
C0373,Mumbai,Regular,48,M,2023-03-11
C0374,Ahmedabad,Regular,38,F,2023-07-15
C0375,Delhi,Regular,34,M,2023-09-26
C0376,Chennai,Regular,40,F,2023-02-18
C0377,Chennai,Regular,54,F,2023-11-12
C0378,Delhi,Premium,33,M,2023-05-10
C0379,Mumbai,Regular,23,F,2023-01-05
C0380,Delhi,Regular,25,F,2023-01-27
C0381,Ahmedabad,Premium,42,F,2023-06-09
C0382,Kolkata,Premium,35,F,2023-05-29
C0383,Chennai,Regular,42,F,2023-09-21
C0384,Hyderabad,Regular,29,M,2023-08-18
C0385,Hyderabad,Regular,32,F,2023-07-19
C0386,Ahmedabad,Regular,43,F,2023-02-19
C0387,Bangalore,Regular,58,F,2023-03-08
C0388,Pune,Regular,62,F,2023-10-27
C0389,Delhi,Regular,43,F,2023-02-27
C0390,Delhi,Regular,64,M,2023-09-16
C0391,Bangalore,Regular,49,F,2023-12-08
C0392,Bangalore,Regular,27,M,2023-11-22
C0393,Ahmedabad,Regular,33,M,2023-05-10
C0394,Ahmedabad,Regular,24,M,2023-08-03
C0395,Bangalore,Regular,34,M,2023-06-21
C0396,Chennai,Premium,40,F,2023-09-15
C0397,Ahmedabad,Regular,43,M,2023-04-12
C0398,Kolkata,Premium,38,M,2023-07-28
C0399,Ahmedabad,Premium,39,F,2023-10-18
C0400,Delhi,Regular,24,F,2023-12-20
C0401,Ahmedabad,Regular,31,F,2023-10-13
C0402,Chennai,Regular,32,M,2023-04-26
C0403,Bangalore,Regular,24,F,2023-09-21
C0404,Delhi,Premium,26,F,2023-05-30
C0405,Ahmedabad,Regular,25,M,2023-10-27
C0406,Chennai,Regular,40,F,2023-02-05
C0407,Kolkata,Regular,46,F,2023-11-29
C0408,Ahmedabad,Regular,35,F,2023-10-14
C0409,Chennai,Regular,48,F,2023-10-30
C0410,Kolkata,Regular,47,M,2023-11-07
C0411,Bangalore,Regular,56,F,2023-07-27
C0412,Ahmedabad,VIP,52,F,2023-04-16
C0413,Kolkata,Regular,35,M,2023-06-07
C0414,Delhi,Regular,59,F,2023-05-01
C0415,Bangalore,Regular,56,M,2023-02-24
C0416,Delhi,Regular,34,F,2023-01-12
C0417,Hyderabad,Regular,31,M,2023-05-25
C0418,Mumbai,Regular,48,M,2023-05-16
C0419,Ahmedabad,Regular,41,M,2023-01-03
C0420,Kolkata,Regular,52,M,2023-05-24
C0421,Mumbai,Regular,61,F,2023-01-30
C0422,Mumbai,Premium,62,M,2023-08-25
C0423,Kolkata,Regular,51,F,2023-10-06
C0424,Bangalore,Regular,20,M,2023-12-14
C0425,Ahmedabad,Regular,54,M,2023-04-25
C0426,Hyderabad,VIP,60,M,2023-04-14
C0427,Delhi,Regular,57,F,2023-04-28
C0428,Chennai,Regular,43,M,2023-01-05
C0429,Delhi,VIP,40,F,2023-12-26
C0430,Chennai,Premium,61,F,2023-09-05
C0431,Delhi,Premium,56,F,2023-12-30
C0432,Kolkata,Regular,32,F,2023-11-17
C0433,Hyderabad,Regular,21,F,2023-05-01
C0434,Ahmedabad,Premium,46,F,2023-10-13
C0435,Chennai,VIP,39,F,2023-05-29
C0436,Ahmedabad,Regular,42,F,2023-03-25
C0437,Ahmedabad,Regular,30,F,2023-08-19
C0438,Ahmedabad,Regular,35,M,2023-10-15
C0439,Pune,Premium,50,M,2023-06-10
C0440,Bangalore,Regular,33,M,2023-09-29
C0441,Delhi,Regular,62,M,2023-02-07
C0442,Ahmedabad,Regular,59,M,2023-08-14
C0443,Delhi,Regular,61,F,2023-05-22
C0444,Ahmedabad,Regular,19,F,2023-10-19
C0445,Chennai,Regular,52,F,2023-05-31
C0446,Bangalore,Regular,59,F,2023-04-24
C0447,Bangalore,Regular,51,F,2023-08-25
C0448,Kolkata,Regular,47,F,2023-03-07
C0449,Pune,Regular,30,F,2023-12-27
C0450,Kolkata,Regular,30,M,2023-12-07
C0451,Kolkata,Regular,35,M,2023-09-15
C0452,Kolkata,Regular,49,M,2023-09-06
C0453,Kolkata,Regular,49,M,2023-11-27
C0454,Kolkata,Regular,52,F,2023-11-19
C0455,Hyderabad,Regular,56,F,2023-06-29
C0456,Bangalore,VIP,63,F,2023-07-09
C0457,Kolkata,Regular,46,M,2023-06-03
C0458,Ahmedabad,Premium,46,F,2023-07-15
C0459,Bangalore,Regular,61,F,2023-11-07
C0460,Bangalore,Premium,33,F,2023-09-19
C0461,Mumbai,Premium,61,M,2023-05-23
C0462,Hyderabad,Regular,64,F,2023-12-08
C0463,Kolkata,Regular,27,M,2023-11-12
C0464,Delhi,Regular,47,M,2023-04-11
C0465,Chennai,Regular,42,M,2023-09-01
C0466,Pune,VIP,56,M,2023-01-12
C0467,Ahmedabad,Premium,37,F,2023-08-27
C0468,Delhi,VIP,22,M,2023-02-18
C0469,Hyderabad,Regular,18,M,2023-02-11
C0470,Chennai,Premium,47,F,2023-06-15
C0471,Hyderabad,VIP,20,F,2023-03-23
C0472,Ahmedabad,Regular,62,M,2023-10-18
C0473,Bangalore,Regular,31,F,2023-06-07
C0474,Chennai,Premium,47,M,2023-08-04
C0475,Bangalore,Regular,21,M,2023-06-07
C0476,Ahmedabad,Premium,35,M,2023-05-14
C0477,Delhi,Regular,54,M,2023-03-08
C0478,Ahmedabad,Premium,42,F,2023-12-02
C0479,Delhi,Regular,18,M,2023-01-07
C0480,Chennai,Regular,63,F,2023-01-14
C0481,Chennai,Regular,32,F,2023-03-14
C0482,Kolkata,Premium,26,F,2023-06-12
C0483,Hyderabad,Premium,32,F,2023-03-07
C0484,Kolkata,Regular,41,M,2023-12-13
C0485,Hyderabad,Regular,21,F,2023-05-10
C0486,Kolkata,Premium,29,M,2023-07-25
C0487,Bangalore,Regular,54,F,2023-10-03
C0488,Chennai,Premium,54,F,2023-09-13
C0489,Delhi,Regular,60,M,2023-09-23
C0490,Hyderabad,Regular,23,M,2023-01-25
C0491,Ahmedabad,Regular,56,M,2023-10-08
C0492,Hyderabad,Regular,63,F,2023-09-10
C0493,Delhi,Premium,41,F,2023-11-06
C0494,Kolkata,Regular,28,M,2023-10-16
C0495,Hyderabad,Regular,30,M,2023-06-13
C0496,Pune,Premium,51,M,2023-04-05
C0497,Bangalore,Regular,42,M,2023-09-27
C0498,Chennai,Regular,24,F,2023-11-17
C0499,Delhi,VIP,21,M,2023-04-20
C0500,Chennai,Regular,25,M,2023-12-02
